customer_id,branch_id,name,email,city,signup_date
7872f565-735a-48ca-80ff-769c34e8690b,5,Thomas Phillips,ashley68@example.org,West David,2025-07-19
2d9a64ef-f0e6-4e56-94b8-fc28b45b93d0,5,Kim Jones,stefaniezuniga@example.com,East Julia,2025-07-31
cbeb9321-03b1-4c81-94aa-0896ab412f80,5,Angel Chandler,robert09@example.net,East Sonya,2025-10-31
907bd91d-c9a2-4a60-a37a-ff6a7b77497a,5,Jesse Cox,charles31@example.org,Garystad,2025-06-20
ffc4ccdd-562c-4563-8d0b-11011cf6edd3,5,Brandy Berry,elucero@example.org,Kevinbury,2024-12-28
dbd8691f-24f5-4003-8384-b99988bfdc4a,5,Ashley Atkins,matthew82@example.com,Salazarstad,2024-01-10
63e1a748-842a-44dd-8306-ee6328bb5063,5,Krystal Garcia,ernest43@example.com,North Alyssa,2024-03-30
bdff5013-ec52-4422-9625-6b1865560c49,5,James Ross,charles34@example.net,Bonnieland,2025-10-11
2534c361-eccf-4a95-90f6-e7bf84357a82,5,Laura Watts,tracey39@example.org,Wellsshire,2025-09-11
9121e974-4d2c-49bf-bef1-e1bdd591c9cd,5,Tanya Lee,doris68@example.net,Andreabury,2025-08-28
f9d3ae3f-417d-40b7-8bdb-fc8d563ad2e0,5,Rachel Horton,christopherrobinson@example.net,North Kathrynbury,2025-08-20
695671ef-1d3c-4ed6-aa3b-52b5b822f4c3,5,Sarah Raymond,charlessanders@example.com,West Melaniemouth,2024-10-16
0c0a287a-1542-49e0-924a-e53edc55b688,5,Brandi Smith,vaughandean@example.org,Mathewsport,2025-07-11
e098ba41-8c79-437a-b493-5468100e9147,5,Brittney Murphy,bowenjasmine@example.net,West Jessefort,2024-02-22
0c1d5e87-8bb3-4e00-baf6-53168fa87f1c,5,Ellen Carroll,mhines@example.org,East Maureenton,2024-06-15
94ae2b84-4897-4d56-a6fa-ca251e358201,5,Kathryn Hill,briansmith@example.com,Jeffreytown,2024-04-17
745be822-5dcb-4117-8885-00c0e7164ccc,5,Lisa Kane,qhansen@example.com,Kyleburgh,2024-11-24
678102c1-aec5-4578-82da-52fd90739fe9,5,Matthew Baldwin,harperallison@example.com,North Chelseaport,2025-04-27
820533d9-148d-485e-838d-61b87d033a47,5,Nancy Clark,dlopez@example.org,Melissamouth,2024-01-19
dedb597f-aa57-4e4a-857e-467488f09981,5,Trevor Harper Jr.,elizabethmoreno@example.net,Armstrongland,2024-07-06
4068fb6f-b920-4c75-adba-25198d22bd38,5,Nicole Anderson,billydunn@example.net,South Kristinamouth,2024-12-27
6dde0a78-8010-4df4-8cd7-c35768d84b7f,5,Jeffrey White,benjamin97@example.net,West Stacy,2024-01-03
cf711413-9594-48b4-afc6-3dd03af91f0b,5,Alexander Harris,troy61@example.com,New Johnland,2025-02-11
881ccee2-39a5-4d4a-98c3-d507a01fd8d2,5,Steven Morris,douglastucker@example.com,Justinview,2024-03-05
6977961b-8afa-4820-a316-f3f6be6ed0c4,5,Rachel Hebert,gina32@example.net,North Kyleton,2025-09-08
dfae145e-ca1e-4929-8fbc-3c4f1f54d7e8,5,Jesse Shannon,uperkins@example.net,Teresachester,2023-12-07
936b4425-3bfe-43d7-803a-185a15aeafef,5,Gina Simmons,uwatson@example.org,Chelseaville,2024-01-15
549cc54f-9f43-4672-b4d8-3934a63d63f6,5,Brian Ross,crystal44@example.net,Reedhaven,2024-10-16
1e3191df-9cd6-496c-8a5d-d26e3df4f80a,5,Kimberly Baker,wharris@example.net,West Anitaburgh,2024-10-22
df81d4ca-fb43-4fa5-8311-c87ec4ec35f1,5,Sean Casey,mariah74@example.com,Port Christinaberg,2024-08-10
581d716c-a666-4723-9490-3420b87ebd64,5,Caitlin Hicks,daniel09@example.com,Nguyenfurt,2025-09-29
415d3f46-5817-4148-a918-43b3cdd1dac3,5,Jeffrey Cisneros,hamiltondebra@example.com,South Sarah,2023-12-17
fbcc1085-bedc-4175-a36c-847c86f528fc,5,Jonathan Snyder,tracywarren@example.org,Popeville,2023-12-17
dd54e694-f5d9-4577-8879-c2742c21ed7a,5,Laura Santana,dblack@example.net,East Mariah,2024-07-25
2e2655ad-d2ee-4216-88b7-6b4c7a2589f7,5,Deanna Rodriguez,codyyoung@example.net,South Nancyberg,2025-04-28
4d4f5237-4c34-4ada-ab80-faaa3711355f,5,Tammy Maldonado,ryanmoore@example.net,Port Gregory,2024-06-05
b9a0aaec-a1c3-4d70-b7af-d3d3326311b7,5,Miguel Gutierrez,estewart@example.net,West Ambermouth,2024-04-10
fe86bb00-5211-45c1-829a-ea4a6d9112ed,5,Lindsay Smith,michael02@example.net,Katiehaven,2024-12-16
9fa22fc1-1653-4613-a58a-b005940a7a27,5,Michelle Turner,frankpatrick@example.org,Port Steven,2024-02-04
7886213c-408a-4c36-9851-1499e7c5c9b8,5,Mike Byrd,stephenmarshall@example.com,Jonathanton,2024-03-26
872b610c-0159-4094-80ff-0a8ed0580f8a,5,Dylan Padilla,wadecurtis@example.org,New Suzanne,2024-11-09
82e86046-1c2b-42c8-aa7e-d09c7aaffad9,5,Tamara Combs,andrewcohen@example.org,South Michele,2025-02-02
5f4239c0-64f4-46d1-8e66-36c1460384ed,5,Kevin Hardy,patrickperez@example.net,Johntown,2024-02-22
c14444e1-8bb6-447a-b2f5-57a6893a0ba3,5,Elizabeth Griffith,wrightmiranda@example.org,Longton,2025-04-19
ae394f86-17db-4465-8666-a2165ad47ee9,5,Alexandria Harrison,micheal59@example.com,West Victoriahaven,2023-12-02
8a982bd7-1601-415f-979c-a3801ab8afde,5,Carolyn Waters,uskinner@example.org,East Brandy,2025-07-28
1875a59d-6112-42b6-a397-3af164c3e60f,5,Daniel Mathews,mary49@example.org,Finleyside,2025-06-22
011c72a8-aca4-46d6-8586-baf2c677b9d2,5,Ashley Gray,palmercharles@example.net,Jacksonmouth,2024-01-15
2b09ca96-0f70-4c66-82f1-964ea2ea6e91,5,Carrie Bryant,hallnicholas@example.com,South Danielleberg,2024-12-05
989af32e-3daf-43e7-ae6d-5d21056d992b,5,Randy Kramer,johnsimmons@example.com,Lake Jamieborough,2024-07-05
a1472283-7c9b-47d3-b609-b01f6276958b,5,Matthew Stevens,prestonbrittany@example.net,Smithburgh,2024-08-14
0de4b501-b82d-4e66-bb4f-32b862a714d1,5,Thomas Taylor,timothymendez@example.net,West Zacharyberg,2025-09-10
e5b40509-143e-42df-a141-10d150acde3f,5,Margaret Bender,marywilliams@example.org,Williamburgh,2024-06-08
828c3d59-8a78-4d37-909f-47d39bf2fbbd,5,Cassandra Osborne DVM,alanle@example.com,Holmeshaven,2023-12-13
ee26e73b-6c9a-42c5-b8f7-5c7e0b9acfc6,5,Kathleen Beasley,campbellnicholas@example.com,Aliceport,2024-11-13
e996c3f5-a141-47d5-acbd-52925e5c117c,5,William Chen,linda86@example.net,Rachelview,2024-01-14
47559746-a8cd-4a16-8847-d0236eaead2f,5,Sean Mullins,torreskayla@example.com,New Patricialand,2024-04-03
f41ee916-b929-44e2-baaa-49cba0554a46,5,Paula Edwards,melissaalvarez@example.net,South Patriciamouth,2025-01-17
a3dd5a20-5ec3-4444-a3ae-2a512aa038d9,5,Donna Young,matthewtorres@example.com,East Cole,2024-06-20
170565bf-6214-4bae-8c19-dd294852adec,5,Nancy Turner,matthewcastillo@example.net,Beltranmouth,2024-06-26
526e8652-b78b-4fd7-9c7a-c8b4768bb226,5,David Oliver,sara77@example.com,Carriehaven,2024-02-24
fbccdec9-62a3-48d8-9714-b55f2766de8f,5,Erica Bush,mgill@example.com,West Jeffrey,2025-01-16
ce0ac49a-8b9b-4479-97c6-34911dd468d5,5,Debra Williams,spowell@example.org,Donmouth,2025-07-12
053c4e2d-ae09-42ed-9738-7caa581ba217,5,Pamela Stewart,cynthiadunlap@example.org,Andersonburgh,2024-12-31
51d3f0cf-b12f-4361-aa4d-278c565ec3a2,5,Michael Ramirez,ograham@example.net,Gilmoreport,2025-04-12
f6ff978a-ab45-4541-9357-76ee1bdccf91,5,Johnathan Knight,powersdustin@example.org,North Benjaminhaven,2025-02-03
47abe42b-67df-432f-9f9a-bfde1ea53253,5,Darryl Colon,nstone@example.com,East Jenniferhaven,2023-11-10
9248f3f2-5967-4b59-b7fe-3d3014c6e104,5,Stephanie Dominguez,carl79@example.net,Lambertstad,2025-06-20
d1becd63-2b97-499b-9f14-8ebee215aa7f,5,Helen Perry,howardbailey@example.org,Port Carrie,2024-11-07
9c61172d-525b-4002-ab7a-c9731ae661e1,5,William Chen,mcfarlandteresa@example.org,Port Kristin,2024-11-02
372cf84f-9c59-4ee3-ba38-6159d8f53024,5,Patrick Murphy,ebeck@example.org,Diazberg,2025-01-26
836595bd-f1f4-426e-b4da-25983f52b309,5,Christopher Henderson,kmorrison@example.org,New Tannerchester,2025-10-06
0a526c5b-4711-4f9a-9802-eaeca08276ca,5,William Knight,marknelson@example.com,Barnettfurt,2025-04-02
18888352-da37-4931-b13d-cfa98999773b,5,Cynthia Brown,evargas@example.org,Aaronfort,2023-12-24
37a9c6f4-d4d7-4bfc-a3fc-5b10db0a8d33,5,Jeffrey Velasquez,valeriejohnson@example.org,Parrishmouth,2024-02-28
c1fd6e4c-cad1-4979-8e7e-17cdacc16c99,5,Edward Brown,vazquezkeith@example.net,East Amberfurt,2024-04-09
7c149310-cd3a-4a46-bd82-fd5ec2fa3a30,5,Sarah Orr,abarajas@example.com,Lake Steven,2025-06-14
26596bcd-c793-4bf2-aacc-b52b13ce408e,5,Jeffrey Sandoval,marshallsydney@example.org,West Ronnieton,2025-09-20
bd3b97a3-3be6-4ffc-86a4-e66e1085a6df,5,Walter Woods,bcaldwell@example.net,Zacharyville,2024-09-15
4b5622de-069c-4a28-ab21-b92a95e3a4ed,5,Bryan Marshall,alyssa38@example.net,Brandonland,2024-11-11
ced83b7e-53c5-49ca-b777-b2e344eb8be4,5,Adam Stanley,donna02@example.net,Tammychester,2024-10-10
eaac048c-998e-411d-a9f5-b6eb859610ed,5,Elizabeth Cantrell,popepatrick@example.org,North Philiptown,2024-02-16
88ce8a3f-fd94-42f6-a808-bb2058351f50,5,Rodney Bender,bowmanjessica@example.com,Aliciamouth,2024-09-26
fbecd547-4027-4618-98de-62e4e91ad27d,5,Pamela Nguyen,foxlynn@example.org,New Lisa,2024-01-10
221d1729-f897-4c33-9ec6-980211a1bd85,5,Kendra Smith,catherine27@example.com,New Reginaldland,2025-02-20
852aea12-03be-41a6-b023-d987502398b9,5,Ernest Prince,mhall@example.com,Ramirezton,2024-08-30
f5370229-a2bf-4703-aad6-3ba11b558c87,5,Laura Wilson,markhamilton@example.org,West Dianeberg,2024-10-21
8c88c456-707a-4d8a-b8bd-5b7d0329de62,5,Christopher Thomas,james29@example.com,West Victoriaborough,2025-02-03
c18b1fb2-593c-4116-9a45-a45def298410,5,Andrew Ballard,smithkimberly@example.net,Hamptonport,2025-07-25
ccfd228b-f7d5-40ee-ac36-974f7786aa9c,5,Bradley Perry,portereric@example.net,Nicoleland,2023-12-06
1d56992b-74ce-46c8-a83c-e058801bf9fb,5,Jonathan Good,smithdaniel@example.org,East Cory,2025-05-12
ef5e0dc1-3d8b-41df-86ec-06855a6854b2,5,Carlos Dixon,melissagreer@example.org,Port Jasonport,2024-08-04
e8fd6155-32e6-4b12-b49f-a87424d72c13,5,Mr. David Williams,jreynolds@example.org,Rayhaven,2025-09-12
b23bc4a6-4ad1-460b-8ca1-4f08d00c4e45,5,Angela Stein,raymond48@example.net,Dixonburgh,2025-04-15
f2dac246-51d7-47cf-ac62-563672772a1e,5,Mark Collins,chanlisa@example.net,Port Nina,2024-06-02
564917ca-d22d-4774-8414-ce051bdc6bf1,5,John Huffman,osmith@example.org,South David,2024-05-22
08631378-46dc-4ee8-8e8c-831d34b3baa1,5,April Lee,shari87@example.net,Gordonville,2025-06-27
fe56a98e-1e4e-4e58-8b15-6be760b339a2,5,Tracy Herrera,charles56@example.net,Port Alan,2025-07-08
1b22ee5e-819e-4526-8d74-12e3a0d43052,5,Kiara Sanchez,hyoung@example.net,Rileyton,2024-10-31
188bba9a-754f-4ee4-83d8-06352e592d5d,5,Benjamin Hunt,ifowler@example.net,Salazarside,2025-04-29
e97d47f3-52d6-414e-ba43-0b4893d47284,5,Tracy Walters,samuelstark@example.org,Pamelaview,2025-01-22
e140b41f-a278-469a-b57b-01de004373de,5,Samuel Carr,kimberly97@example.com,Port Josephfort,2024-06-06
bbe4762e-a2a6-4d95-90dd-94a982e3ca32,5,Jasmine Chambers,bmalone@example.net,Tracyport,2025-07-18
5f69230e-07e2-4e0b-97e8-ecd929f10f48,5,James Martin,kelleyjason@example.net,East Melissashire,2025-06-04
2e38eb07-74e6-4b9a-9019-b08cc07c1fe1,5,Nancy Mendoza,richardsondevin@example.com,Brandonchester,2024-05-31
44e0a8ee-4cf8-4fd5-880d-4c2f59789d2e,5,Andrew Carpenter,mccartytiffany@example.com,Mackenzieton,2025-10-17
c18cc78b-b9d8-4880-831c-4922e1d3e18c,5,Nicholas Dean,keithjames@example.net,West Teresa,2025-02-16
ea24a078-646b-4359-beab-37d7d902b102,5,Joseph Walker,susan94@example.com,Lake Susan,2023-11-26
285db9f4-4286-43b9-bc11-1be6c30b4074,5,Evan Ayers,heidi97@example.com,Brownborough,2024-12-26
ae0d6a67-81f8-4015-be26-5081fbb5c41d,5,Devin Page,xsmith@example.org,Karenhaven,2024-03-05
0375d4a9-a8c7-4a37-8de2-10f0e2d47b40,5,Abigail Estrada,lewisheather@example.net,East Allison,2024-02-10
9ab0046c-5bd6-40f2-ae4d-6e72f0b48433,5,Brendan Estes,rberg@example.net,South Dianaville,2025-01-22
72e5f159-821b-4969-b7bf-a44dc97d8a4e,5,Kelsey Lawrence,burtonjonathan@example.org,Stephaniehaven,2024-07-30
a97b947a-57f9-4f25-8eab-32f7d92338f3,5,Chad Sellers,blove@example.com,Lake Margaretmouth,2025-06-15
066a6f68-75ef-4e23-81cf-ed0b7bd676f3,5,Marc Ramsey,ann91@example.net,Port Lori,2025-03-23
269471b8-81fe-4a53-ae70-34c6571b65e2,5,Laura Wallace,wsmith@example.org,Smithport,2024-05-26
b77b4be9-a8c9-47b8-bfce-7bae8aef4a57,5,Daniel Jackson,harrisonjoseph@example.org,East Kelly,2025-05-04
5105fb76-34c6-4899-a533-966bb75be484,5,Amanda Medina,benjaminbrock@example.com,North Carlos,2025-07-06
7e796ba4-de8d-439b-91d8-aef321cf274f,5,Timothy Hammond,abrown@example.com,West Shellymouth,2024-03-13
a90c27ae-4c90-481e-8372-2d8e1289aabf,5,Lisa Lucas,christopher21@example.net,Ramseyborough,2025-01-11
97f14943-156c-4203-9efa-539e2a39fea2,5,Daniel Gonzalez,stevensonashley@example.org,Michaelfurt,2024-03-28
37ae4afc-eac7-4ca6-a1f5-9f6e920c8b07,5,Matthew Coffey,russellmaria@example.com,Monroemouth,2025-05-21
bb91db27-ac91-41a1-90da-b2915cf4db11,5,Ronnie Yang,earlvance@example.org,West Johnmouth,2024-10-20
f5878f27-1509-4e47-a384-524e8cdc7f4b,5,Karen Ochoa,mullendeborah@example.org,Greenshire,2024-08-17
d49878fb-c89f-4e61-86fd-73f2f621f9ad,5,Cole Garcia,tarajohnson@example.net,Josephland,2025-02-26
d6a3cf8c-f263-4607-ab97-527a47abf7cb,5,Tiffany Mason,fisherthomas@example.com,South Adriennefurt,2024-01-11
fef9dc91-4564-4b15-bcd6-42b6e19c62be,5,David Randall,melanie03@example.org,Jefferyhaven,2024-06-23
7ed7cba5-693a-4e7a-a1a0-40842ef2175e,5,Jennifer Chavez,clarkjohn@example.org,Paulland,2025-06-20
bde70845-e454-4659-a5f6-77df7f4234a2,5,Barbara Watson,mary58@example.net,Sarahhaven,2025-03-10
b4a89bb0-7d2f-47a3-a56b-2771ee500185,5,Jacob Browning,tonimonroe@example.org,Kennethbury,2024-08-23
cd740522-77e4-410a-bdca-74a00ec47e59,5,Jesse Davis,russelltimothy@example.net,West Stacyview,2025-09-18
01f9ad11-73c4-4f12-9411-ab830304586d,5,Todd Flores III,troy09@example.net,Perryland,2025-07-15
23ed5175-2d7d-4a25-ad9f-4d5552b0c541,5,Shelley Richardson,bethany20@example.net,Hallchester,2024-10-10
b4969af9-a240-49f9-87c8-da6a4c5f8edb,5,Daniel Evans,zanderson@example.org,Port Shannontown,2024-10-13
94d6b116-fc91-46b0-b722-c45d4c5a55e3,5,Michelle Wood PhD,davidmaddox@example.org,Lake Dylanmouth,2025-10-09
400fc27e-29f8-4648-81e9-9fc8de2a8ad5,5,James Craig,jeremylong@example.org,Karenstad,2024-02-24
48889cc1-8c80-4dab-a7bd-8f48293dc8aa,5,Jonathan Marshall,michael41@example.com,Hernandezmouth,2023-12-31
8c212915-eeb2-4e0b-94fd-163ad2b06d60,5,Tyler Decker,orogers@example.com,South Grace,2025-04-24
6d2701a2-6fad-468d-9d09-83b394e5589d,5,Joseph Ortiz,allenkathleen@example.net,Gabrielleville,2024-07-02
3057b15f-7363-41c9-8ca9-83027a33b012,5,Jessica Wilson,jacksonjennifer@example.org,Richburgh,2024-11-28
cf276d26-943f-4421-a8ba-447a1fcb56f4,5,Carol Zuniga,udoyle@example.com,North Mark,2024-07-26
7e77e715-d732-47ce-b9b5-f1ef6e51e778,5,Valerie Ford,garciamichelle@example.net,Port Patricia,2025-05-17
7b596070-9712-491d-8b52-19d3cd79c0ff,5,Kevin Lane,beanlisa@example.net,Arnoldshire,2024-10-22
002d3676-96d2-4c44-ba91-40e42f55398c,5,John Moore,shawn37@example.org,Zacharyfort,2024-08-21
21a9a783-52cd-4a90-a2cc-4baa341f261d,5,Rachael Browning,rogerskelly@example.net,West Troyshire,2025-04-01
631ea34d-60a9-449f-99a8-8afa897c4ca6,5,Dr. Patrick Little,jasonrivera@example.org,North Kimberly,2024-04-14
bfef8005-b08f-48f5-ad3c-e9a1e3e80d3d,5,Erika Davis,robinlee@example.org,North Hector,2023-12-07
c76bb14c-1a5d-4609-b185-df21052abb74,5,George Mullins,samanthapatton@example.org,Kelseyberg,2024-11-27
a3057313-bef6-4be0-8b0a-ddb0c5705396,5,Christopher Byrd,patrick12@example.net,Washingtonview,2023-12-07
84d5f417-1f78-420f-aefd-cc05df579eb7,5,Robert Hall,allenkyle@example.org,Greerfort,2025-10-12
6fbcb2a9-f684-415d-b732-a5ff4e3432ba,5,Tina Fisher,glassbrandon@example.org,Austinland,2025-10-11
12e60a29-a17c-4687-9390-74e6ab13ec31,5,Pam Gonzalez,webercheryl@example.net,Hannahaven,2023-11-11
13ffcc90-0f5d-4759-ac05-695171363996,5,Eric Moore,amberclarke@example.org,Rogerston,2025-07-13
60da8da7-be5a-492f-9a47-2469244f6d61,5,Shane Clark,brooke83@example.net,Danielleton,2025-10-31
347e4e4e-5739-4271-8573-4ef1425cb22a,5,Jose Camacho,jbarker@example.com,Clementsside,2023-12-03
c889ad52-eb7a-44ea-99d9-8cd7b985ca0b,5,Evan Garcia,eroberts@example.org,Lake Kathleentown,2024-12-06
75de22c9-4e30-471b-9186-dc726ba0f716,5,Kelly Wise MD,ashleygolden@example.org,Gardnerstad,2025-10-26
1d000568-438f-4ba9-a423-9aaa3e83c8f8,5,Olivia Smith,turnerjessica@example.org,Rebeccafort,2024-08-16
3333a15e-f82d-4773-a120-8af6cb762675,5,John Liu,sylvia69@example.org,East William,2025-02-23
79650886-98c7-4a6a-a7a6-4eabe901c6b9,5,Timothy Johnson,amy73@example.org,Ellisburgh,2023-12-27
5a638f73-3f51-4c77-81c5-01bb5341b23e,5,James Washington,fordadam@example.net,Stevenchester,2025-05-07
5b76ff07-25db-423d-bbd7-28aaab716348,5,Jennifer Sexton,ryan69@example.com,West Christopherhaven,2025-10-31
69f50054-e4cf-433b-b48d-b06b4354b69f,5,Christine Shields,andrew48@example.org,Maryberg,2024-10-08
25a89df1-235b-4bb2-b71b-f283a8b6edb6,5,Kylie Barnes,jonathan77@example.com,Lake Kaylaside,2024-11-08
bb69fc3a-7b3f-4b21-b9ca-c4e55aed67ac,5,Craig Martinez,sjones@example.net,Lake Amyport,2024-02-21
f044147b-8cc5-4c38-b4c4-f1f72500b713,5,Lonnie Jackson,jenniferbrandt@example.org,Port Katherineshire,2024-12-19
dc45f195-56dd-417e-9d5b-1b235e1e5d67,5,Ann Beck,steelejulie@example.com,Staceyburgh,2024-08-29
792b9de4-c930-494a-9547-d813f6e6219c,5,Diane Meadows,gracebaird@example.org,New Colleen,2024-09-05
ba2a7ab9-b28e-4636-983d-a22c5bc7c1fa,5,William Fields,kjones@example.net,New Jeffreyville,2024-12-25
92ae2883-b0b9-40a4-8bb9-5a17c71c25b1,5,Nicole Hardin,rojasrebecca@example.com,West Donald,2025-01-28
afc2fe83-851e-42dd-9f36-81a3ca8ef799,5,Amanda Jacobs,cwood@example.org,Evansport,2025-08-19
3ac4ab3e-7b62-4226-bc9d-50c607f06b08,5,Jessica Davis,johndelacruz@example.org,Port James,2024-08-29
df826c60-c213-40c8-affc-79fcbfd24e9d,5,Mr. Jared Tran,melissasherman@example.com,Sarahborough,2025-03-20
c5cafe2e-76c8-4100-aaae-3b03f3957c5e,5,Maria Lynch,hudsoncaleb@example.org,Mendezstad,2024-04-01
fb2ef770-af7b-48ff-a8e0-2e110da8fd39,5,Peter Gould,manderson@example.org,Danielton,2024-08-28
87695df4-ae66-4815-8d4a-618746f64da4,5,Jennifer Curry,david11@example.org,Johnsonton,2024-01-24
ee94a75c-43c3-4cc7-b318-88919f8aede5,5,Robert Salazar,smithbrandy@example.com,Ayersville,2024-11-20
027ec8ea-02d4-486f-bce0-68a8122ca96b,5,George Long,john61@example.com,Jeffreyside,2024-05-28
3b34d8eb-257c-4276-917f-dc1334b97330,5,Thomas Melton,jamesbaldwin@example.net,Markshire,2024-12-27
c0e744be-8df6-4ccf-a43c-71d6a284f2e4,5,James Moran,prattmicheal@example.net,Gonzalesshire,2024-09-06
2e4e0ecf-da59-45fb-9c98-7d45c59ca727,5,Matthew Snow,arnoldjo@example.com,Brownport,2024-12-11
cbf5533d-a193-4e6d-837b-96dfdf77b3f6,5,Mark Jackson,watsonbenjamin@example.net,South Christopher,2024-09-03
70ea8e44-3998-4898-b43d-8d2063fddae9,5,Stephen Campos,lisahenry@example.org,Seanmouth,2024-04-13
7cbac1f3-e0fd-459c-8eae-3e4ab7152cf6,5,Raymond Thompson,rodriguezdwayne@example.com,Christopherland,2025-05-27
6c4bc90b-b691-4209-957a-46859bfd7bf0,5,Gina Harris DVM,wilkersoncharles@example.org,North Alexfurt,2024-01-29
d068c19a-eadd-400a-a971-5ead333c4911,5,Sarah Camacho,bwashington@example.org,New Ann,2024-02-28
d1c1d837-96de-4cc1-8e35-62b1e4b984b8,5,Gordon Ortiz,millersusan@example.com,Gonzalesview,2024-08-24
45bbe8ce-07d9-46c8-b502-cd09afce25f0,5,Samuel Schwartz,floresjill@example.com,Lisahaven,2025-10-21
b527559d-9335-4c82-a9c9-8b476662f419,5,Sarah Ayala,xsellers@example.net,North Dawnport,2025-08-08
2e63320d-7ec0-4857-9a8d-48ed18decbf8,5,Frederick Hall,nicholas04@example.net,South Scottview,2024-09-08
ebfa19f0-f525-405c-be89-4a7ceececd81,5,Rachel Brooks,kennethhall@example.com,Lake Courtney,2025-02-18
1482d9ac-3a14-4d71-8292-e533512643c9,5,Anthony Juarez,jimmyreynolds@example.org,Beardmouth,2025-10-29
fd919a7f-c092-454d-bb4f-50ae5e02c8ae,5,Cheryl Lee,gmorales@example.com,Gregorymouth,2025-03-01
d61fa38b-b387-4016-a71e-3780c2380858,5,Rodney Chung,samantha66@example.net,Samanthafurt,2024-03-29
68f31f7d-1177-457a-8e55-8dd22764110f,5,Stacey Jones,bridget24@example.com,Kellyfurt,2024-06-02
c8fca4c4-5070-47da-8a88-8d9ec976453e,5,Karen Buchanan,amatthews@example.net,West Michael,2024-12-05
ceb4070d-caee-4c0f-b647-f4da7b5ccde2,5,Joe Burke,kramirez@example.com,West Richard,2023-11-15
c1ec2619-8fe1-45b2-9196-03057b9fd079,5,Kiara Webster,castrotiffany@example.com,Riversport,2024-04-27
e3fc8cc7-925a-49e6-873b-68b97a9c1021,5,Travis Williams,morgan59@example.net,Ryanmouth,2024-11-27
eee15977-ff31-453f-bfc3-893a2d0e256c,5,Allison Sandoval,dawn75@example.com,Derekmouth,2024-12-18
7c073e10-7510-48ee-9831-54407ff96a87,5,Brett Clark,rhondamorales@example.com,Hollyton,2023-12-11
453e882b-5e6a-48a5-bdbd-d782b3740b24,5,Anthony Johnson,fbell@example.net,East Lisa,2024-05-21
c9c0d1ed-cddf-437a-bc6c-8e4d4c770b86,5,Mrs. Peggy Wright,joshuahardy@example.com,East Matthewside,2025-06-14
8fb3995c-672c-4c11-b1d9-9a2e1c775ecd,5,Rodney Ramirez,patriciahouston@example.com,South Janice,2024-04-09
9b9b065c-e845-4159-ae19-482ee6885511,5,Gabrielle Oliver DDS,yhebert@example.net,East Williamland,2024-07-03
007a6558-47a7-4b17-9e72-b5be872c2494,5,Scott Benson,trevinoandrew@example.org,West Joshuaview,2025-04-17
c34deeb3-3039-4124-a877-56fbbbf3f61b,5,Jeremy Reed,zjohnson@example.net,Ortizview,2025-01-30
0540be40-48cc-4884-ac24-d5338b7e5280,5,Jessica Noble,margaretwalker@example.org,Brookeside,2024-01-06
b1aa395a-14f2-40e1-901f-ebb4e5ac984c,5,Ryan Reyes,huffkyle@example.com,New Zoe,2025-04-11
195a48ad-2865-43a1-86ca-53210d6f1af6,5,Travis Johnson,qhernandez@example.net,Lake Bobbyfurt,2024-09-05
c7c5ae36-6602-460b-8738-c2dcd2326242,5,Michael Anthony,charlesarmstrong@example.com,Masonmouth,2024-10-02
89f3e661-ce0d-4288-a2aa-73fea312ffa7,5,Brian Barber,xrios@example.net,Mcdanielchester,2025-08-15
957da2b0-95a2-43ea-b579-809522318bb3,5,Kimberly Hall,kristimcfarland@example.org,Jonesport,2024-01-30
acbdea13-e0aa-4abd-9c6c-0ecc682f0d96,5,Tonya Chung,oliviabrown@example.org,Rosemouth,2025-02-13
9d151e88-b5b2-4c34-8ffb-44f5746486a7,5,Kimberly Holloway,pwhite@example.org,Allenville,2024-05-20
e4e4e58f-47e0-4664-b82d-dfec073766ea,5,Alexander Wilson,paul68@example.org,East Jeffrey,2024-05-15
2b423122-84a8-49b0-8ba7-957b94d8a3ac,5,Micheal Brown,cristina91@example.com,Katelynchester,2025-02-12
0a3aaf45-a4c8-48db-9462-6be773c974ca,5,Alicia Carpenter,ubailey@example.com,West Michaelfurt,2025-06-08
7d375b5b-ecfb-417e-9878-77edde7b4f19,5,Suzanne Owens,williamrodriguez@example.com,Mcleanshire,2025-04-05
fed79a4e-50d5-4ec4-9cfc-5cc79e440db7,5,Robert Reynolds,jacob56@example.com,Danielburgh,2025-07-07
7c79b57d-c5ed-4bcc-a9e5-3be54f681d53,5,Karen Clark,oscaryoung@example.net,East Debramouth,2025-06-07
f1791bda-1102-4e32-9ba3-bb76e7cc08dd,5,Jordan Mitchell PhD,jcook@example.com,Melindaberg,2024-12-10
04a7ac58-0fef-44f2-b4e0-41aacb4db721,5,Roy Shannon,fwilliams@example.net,New Judy,2025-09-21
efa1fdae-7d44-48dd-b832-2ed9cd3fba02,5,Mr. Jason Klein,rodneywilson@example.net,Port Kyle,2025-03-01
839a9df2-148c-4884-971d-8be9dc928fb7,5,Rhonda Medina,jenningsjohn@example.org,Pamelachester,2024-01-27
b92237fe-50a2-4bd8-9907-ada5af8961d1,5,Christopher Ryan,joseph01@example.org,North Sara,2024-03-01
8cc74d09-fa8e-4e35-b403-21b262b8e68f,5,Cheryl Johns,rortega@example.net,North Juanmouth,2023-11-13
cd2eedde-310c-47ff-ac24-b77ed627e1f9,5,Elizabeth Newton,michael94@example.com,East William,2023-12-14
7716fc62-52e4-43ce-96ae-5fdac6416b70,5,Charles Mccarthy,warejonathan@example.com,Darinburgh,2023-12-26
f39838c9-8b0e-4360-90f5-4d02e507a852,5,Kendra Bender,caitlinsuarez@example.com,West Christinefurt,2024-09-14
4e5658c6-0130-4d93-90a2-fa66bc149f04,5,Cody Cherry,rebeccasmith@example.org,South Brianton,2025-06-30
a1a23a1c-2dbf-4b21-ae5d-bf9621c8ffb3,5,Yvonne Hamilton,myork@example.com,North Kevintown,2025-09-26
dcd9fb75-5d47-48f3-b5e8-2a7d0dc95d56,5,Dave Holmes,xcampbell@example.net,Lake Aaron,2023-11-19
4ebb7dc9-6409-4344-a233-8dbeab271d8a,5,Jamie Dominguez,riverasusan@example.net,Port Brandi,2024-07-11
c7b45abf-7222-4a8a-959a-8cb08c5a502b,5,Carly Martinez,zjackson@example.com,Stephanieberg,2024-11-26
bd1fceea-65bb-4af0-adad-fccbe36964a7,5,Victor Lopez,royjennifer@example.net,Rodriguezstad,2024-04-17
407f217e-7144-435a-934b-a6859db49ff1,5,Phillip Baker,qbryant@example.com,East Jacob,2024-06-15
cb0025fd-8f24-4b37-b32f-8cd7b0c4f5ff,5,Brandon Wood,brett63@example.org,Lake Josephtown,2024-08-13
b4bb5662-c9a2-4487-a725-043bfde93e7b,5,Krystal Perry,lmullins@example.net,Ponceland,2025-09-14
a117ce79-e71a-4319-af7f-9e3df53057e1,5,Ryan Hogan,elizabethbates@example.net,New Roberto,2024-08-14
8c35cc9e-c8ca-464e-8b38-c38b7c642676,5,Brandon Delacruz,charles27@example.org,West Amanda,2024-01-05
45bfb07a-6033-41c3-aabb-497179b78876,5,Dr. Laura Boyd,wilsonkevin@example.net,Hannahmouth,2025-01-24
9d3fd8e5-9f03-407a-a129-31130acbe700,5,Amy Barrett,vsmith@example.org,Lindseytown,2025-05-22
c95eea91-aaf7-4124-a51c-ebf67875dfb6,5,Matthew Velasquez,jamesbauer@example.net,Ashleyshire,2025-09-17
1fc6a871-a75f-4806-866e-93da72c7ec00,5,Elijah Wilcox,qlopez@example.com,North Patrickfort,2024-02-02
0a2f18fc-aa9f-428c-8292-aa4b39253e4e,5,David Serrano,ffarrell@example.org,Roberthaven,2025-05-10
61aa7ab4-dd0c-4a7d-a2b6-5d6bffee8f62,5,Dave Brooks,iross@example.com,Doyleborough,2025-01-30
9b048d38-766b-4b2a-9206-644f4e3c9648,5,Jonathan Johnson,randy18@example.org,Elliottfurt,2025-04-04
6f73f7d6-ceee-44cd-b228-983db811ca47,5,Terri Gomez,john39@example.net,West Tamarahaven,2024-09-21
8216c422-e37f-450d-a345-e0f661297a80,5,Melissa Graham,hlopez@example.com,East William,2025-07-27
b9fde023-a304-4a4b-8dc0-1ce6585ca792,5,Andrew Humphrey,plewis@example.com,North Peterstad,2025-07-16
9af2d391-7908-469f-a9ff-f09862eb55b6,5,Stefanie Carpenter,tristan99@example.org,West Johnhaven,2024-06-07
e0b7e2c6-12de-4d66-be77-97c7373cad4a,5,Holly Jackson,iruiz@example.com,New Jose,2023-12-29
91d40028-3fd7-48bd-ae5a-69db8d8f144e,5,Robert Mcknight,nashkendra@example.org,New Elizabethhaven,2024-01-19
066276a4-1861-4755-86e7-d58b436d2ee9,5,Lisa Anderson,amorrow@example.org,Butlerport,2024-01-24
e5d0e33d-b58d-447e-b5b2-a8f667c642be,5,Hector Clarke,hortonbrianna@example.com,New Sabrinabury,2024-05-25
8e1e5683-5676-492f-a1f3-e22310d2341f,5,Thomas Smith,riverahannah@example.org,North Jamesland,2024-01-19
ac6575ef-2d4c-4701-8868-a6d1a06511e0,5,Chad Hancock,rosetanner@example.org,New Sara,2023-11-15
bf982796-b800-4996-b9e1-ab10dd087648,5,Raymond Heath,ashley03@example.com,North Nathan,2024-12-19
2c7ffe65-7deb-496b-b023-96f8c5425a73,5,Adam Cook,armstrongshawn@example.net,Curtisville,2024-06-09
e4e3f9ea-f930-4571-ba47-071ef9640645,5,Jared Parks,usheppard@example.com,Rossburgh,2024-04-19
aa8e4367-a1ed-423c-ba2a-305a3e277936,5,Maurice Adams,carrillobeverly@example.org,Lake Michaelbury,2024-03-16
6b4ded36-d7f8-45d8-8c99-0cf58c189e02,5,Jeffrey Bryan,leepeter@example.com,Maryburgh,2024-04-30
237aa8ee-09c2-4bf2-b34c-983122fc11bf,5,Amanda Davis,andersonkathleen@example.org,Lake Brianmouth,2025-08-07
94f9050e-3fc1-48b3-b625-e83e52894ec0,5,Diane Keller,omontgomery@example.net,Frankhaven,2025-09-17
27c5b54e-f315-4a61-baa9-09d64765ad95,5,William Graham,emilylopez@example.com,Richardsonmouth,2024-09-05
3645f38f-738b-4c92-aa90-66c2e9a22bc0,5,Nancy Ruiz,aanderson@example.org,East Joseph,2024-02-06
4d273791-5481-4c96-9955-c6280bb9795b,5,Shannon Cherry,smithphilip@example.net,Hoville,2024-08-09
63e72feb-fc48-4f3d-9cb7-974fb495aa37,5,Michele Singleton,hillgail@example.org,New Kristie,2024-08-04
43c77f1a-bf84-499d-9e13-ea79be2e6a71,5,Andrea Atkins,jefferyforbes@example.com,North Kyle,2024-04-07
ee531570-eef4-409e-b8f3-1c15cf3c48d8,5,Richard Sullivan,hhernandez@example.com,Changton,2024-03-20
c2846adf-945a-49fd-b42f-798df294b11f,5,Daniel Watson,marie58@example.com,Sallychester,2025-02-17
fbc0b336-c799-41ec-9efe-a3e0e3c3ec8d,5,Brittany Willis,dickersonrobert@example.org,Port Travisbury,2024-12-17
5be71c4d-b13a-4b06-9c86-a01962cee141,5,Jacob Sanchez,uburke@example.com,South Julie,2025-05-22
92682cba-20fa-4074-b279-2487be96f031,5,Lisa Robinson,trevor78@example.com,Davisshire,2025-05-26
e23ec6bd-c435-4d11-9bfd-9b9520644ac4,5,Jared Howard,terry55@example.org,Chadville,2025-07-13
ff3642a8-ca10-4bf3-88cd-b477ffa49d78,5,Andrew Massey,carla16@example.com,Blevinsfurt,2025-08-02
2c980940-1cd5-436a-b1ee-36e5f38bb621,5,Susan Walton,eweaver@example.net,Lake Kevinview,2025-08-07
0f62fdfa-6c48-42b2-aa25-dc85c0bc78c1,5,Tracey Morales,kimberlypowell@example.net,Mckayborough,2024-12-20
00547d1c-003f-4ab1-9655-8ffa9e9d7844,5,Jason Miller,millsalejandro@example.org,Christinamouth,2024-11-22
ec2ed1ed-ec54-426a-af1a-878622689b2a,5,Matthew Townsend,markmcdowell@example.net,Lake Shawn,2025-09-17
070b23fc-bf03-46d2-b73d-3933b81d8c51,5,Rebecca Ritter,williamskenneth@example.org,Davisshire,2024-05-23
5f3c5dd5-bc83-4ff2-806b-cfcd568d7b20,5,Victoria Morris,jamesdavies@example.net,East Amandaview,2025-01-16
69240a5b-8645-4328-9c6c-b4c01ef67159,5,Yolanda Harrell,scott04@example.org,Port Patricia,2024-07-06
224ea1fd-3546-41c2-8a38-80fdb672b4f4,5,Justin Benson,fweiss@example.org,South Dennis,2025-10-31
92553b80-806e-4a05-9317-47c8b5344798,5,Melissa Krause,nwest@example.net,Elizabethshire,2024-12-18
0c49a4bf-c59e-4131-bd6b-ebd0076b76dc,5,Joseph Massey,michaelfuller@example.net,North Sean,2024-01-07
226e85ac-a58b-4dd8-ad9d-6928ee42fad1,5,Ashley Houston DDS,rayfletcher@example.net,Feliciastad,2024-04-15
17dead2c-ba08-4d4c-b909-1d52632f4471,5,Tanner Jones,rosskyle@example.org,Roseshire,2025-01-06
39e1022f-459c-41e8-baae-442bcc685d89,5,Stephanie Hunt,garciascott@example.com,Beckerfort,2024-04-29
c29f9fb0-b3ba-4084-a74e-07202df3b768,5,David Schmidt,bryanrobin@example.net,New Heather,2024-05-29
d05cf481-2384-4e17-bd9f-a0f4b906cb8a,5,Kyle Taylor,yhall@example.org,Hallside,2024-09-15
b9a950b0-5778-4b75-903d-68f38553d0a7,5,Ruben Crawford,grantsharon@example.com,Daniellefort,2024-01-22
a11469a7-f8f7-4476-8d0e-a053e03b5c73,5,Ariana Mcdonald,cookandres@example.org,Fosterberg,2025-03-17
d98fc4c4-49cc-437f-9ef3-c59392dac410,5,Sarah Jenkins,ihenderson@example.com,Teresatown,2025-02-11
cc3aab89-620e-4551-b8f3-b854e4a3b93a,5,Samantha Ward,morsejennifer@example.org,North Amber,2024-07-23
47629ade-334b-4824-8d25-524c8c10e8d6,5,Stacey Merritt,ebaldwin@example.org,North Rebecca,2023-11-25
1d31258a-c00c-4fa9-a3b2-b7b51b83bed5,5,Anthony Gutierrez,williamskristina@example.com,Jimenezport,2025-07-15
d3fde7cc-93b3-4297-a74f-1417b18f51af,5,Ricardo Underwood,daniel91@example.net,Adamview,2024-08-23
736e6c31-c09c-4446-af40-a8d0ab52e0df,5,John Black,heatherscott@example.com,West Kimberlyfurt,2024-01-30
bd07d458-4536-4cd4-9d0d-d9d4318cf078,5,Mark Delgado,rebecca22@example.org,Lake Jacobland,2024-09-03
9d3ee0ff-ccfb-4ba5-8e43-95914ab635a4,5,Mr. Ricardo Jacobs,brittney77@example.org,East Jerry,2025-02-26
48f00b31-d7f8-4781-ba36-624387951fa1,5,Lisa Warner,bryantwarren@example.net,Timothymouth,2025-08-12
e22b67c2-9fb8-452c-ab10-44660d553c32,5,Steven Robinson,lauraelliott@example.net,Lake Michael,2024-05-27
eced5948-c1aa-450e-85da-b9a865fce425,5,Paul Johnson,ihudson@example.net,Tonymouth,2025-04-27
ba4e992e-4845-4866-b20f-d67ab5b669b3,5,Jennifer George,jbrooks@example.net,Randallfurt,2024-10-02
204fd440-e6a5-4aec-bd44-0dfab8748851,5,Andrew Gonzalez,xray@example.com,Princefort,2024-04-03
09f3f045-025a-4ab0-ba8f-f82e5d7f29fb,5,Anne Welch,nbishop@example.net,Huertaburgh,2025-01-13
2190e05a-27cc-49c2-8024-67997f4c5b14,5,Heather Bernard,durhamashley@example.net,Millermouth,2025-04-23
d3e837f6-7747-475a-b979-ad62b9a3c56e,5,Daniel Hunt DVM,rodom@example.net,Andrewton,2024-11-25
49143df5-e59d-447a-b062-954d47cd422e,5,Anthony Phillips,johncampbell@example.org,East Rhondaside,2025-09-27
a0b26467-0a33-4786-8511-515e0dc0b077,5,Melissa Jones,mbrock@example.org,Lake Matthew,2025-02-01
8de18677-6569-462f-af77-820cc368b24a,5,Breanna Long,john57@example.net,Jessicamouth,2024-12-30
d6a0886d-6eee-4590-a483-51227943aedb,5,Tracy Fields,rachelsmith@example.org,East Tinastad,2025-06-25
56022831-2a52-4f7e-a410-25555eebbc21,5,Michael Perez,vclark@example.com,Shahville,2024-11-26
757dddd4-7596-4b09-91f3-0760abb0fe99,5,Wesley Medina,harmonerin@example.com,New David,2023-11-19
6dfb12e6-214c-4c75-b607-6a1e4dffd23d,5,Frank Arnold,karen21@example.net,Brownchester,2024-08-23
86d731b9-8191-4d3e-9d0c-e99969495cbf,5,Adam Hart,knightdwayne@example.com,North Erin,2025-06-12
2bb49f05-ad82-47db-b52f-ebee47f0302e,5,Douglas Orr,jamesmcintosh@example.org,Mathewsland,2024-01-26
a3154621-7f7b-4f8b-b3e7-19eef4cb258f,5,Mary Martinez,moniquethompson@example.org,Lopezland,2025-06-01
3850ed1d-47d1-4495-b6fd-1ef6a09d5dad,5,Joseph Hubbard,zsantiago@example.org,Maryville,2025-06-28
ffaf8454-7c79-4deb-8277-d8cb4a43de0f,5,Kenneth Stewart,clarkkyle@example.org,New Alexandraborough,2025-09-18
7dcd9e0a-1f11-42d2-98f7-908c20b3d9b1,5,William Hamilton,dmcdonald@example.org,Markfurt,2024-01-02
2f78d73a-5982-45ef-8666-3e4bd76a1f27,5,Jeremy Smith,randysmith@example.org,Lauraberg,2025-01-14
300b2be9-eb24-4919-ad46-2d3bbeb2314b,5,Holly Gonzalez,jordanamanda@example.com,Christinahaven,2025-02-26
db70e046-f845-4a17-8aaa-d35ec9703db1,5,Sara Gonzalez,dkane@example.org,Nicholasberg,2024-01-20
47a827d1-4670-4967-986d-c9f8bb3414ac,5,Kristin Wright,hernandeztiffany@example.org,Brookeburgh,2025-02-01
c61d66fa-b9a0-4c07-ab0e-1efbab96b3ef,5,Shelby Burke,lisa23@example.org,Lake Ricky,2024-09-22
61759faf-6b0f-4383-88e5-56de76b56b76,5,Victoria Manning,christopherberry@example.net,Wintersshire,2025-09-29
f1bb9a5a-3601-4dda-b8df-3e33add8e252,5,Taylor Contreras,colemanronald@example.org,New Brianville,2024-11-16
fd5b116c-de80-4e95-ac98-0e167f4d1111,5,Christopher Peterson,mmoreno@example.org,New Scott,2024-06-21
25256b18-ea30-49c5-9be1-0c41a09177ba,5,Jennifer Wells,hpierce@example.org,Gonzalezmouth,2024-05-31
5c15f015-75f5-4a3d-8d4c-c43a67d70871,5,Matthew Booker,kanegreg@example.net,Lake Derekberg,2025-09-15
e97c62c0-152a-41f8-8bff-90a669919cde,5,Scott Hudson,mlopez@example.net,North Georgetown,2025-07-05
073eb24c-a5eb-44b0-a843-ec5d3427418f,5,Dr. Shelby Lane,amyraymond@example.com,Lake Richardmouth,2024-07-10
67d49acd-7bca-4eb7-976f-151e603a6baa,5,Dana Madden,abigailmonroe@example.org,East Monica,2024-01-03
b6168a5f-a7c5-4764-92d8-3c701e8957e4,5,Mr. Scott Solis,connor73@example.net,Spearshaven,2024-05-31
d0a0e742-d3fb-4bbb-845b-d0530b4fe949,5,Thomas Larson,charlesreid@example.com,Davidport,2024-03-10
9d2c52de-f37d-446a-826d-8caf752966e0,5,Catherine Brown,samuel33@example.org,North Kristineton,2025-01-04
dee081dc-04ee-4da3-b941-cbc8d4316545,5,Cody Perry,rachelhernandez@example.com,Olsonmouth,2025-07-12
8da88a8a-67b5-4a44-9baa-448029263542,5,Nicholas Warren,cstewart@example.org,East Ryanport,2025-03-18
7a4e6320-6f4f-4e2c-9c58-faaa94cf44a1,5,Joseph Spencer,umartinez@example.org,Coxchester,2024-07-18
62f9cd6a-d7c9-4125-9831-624d9e7c9239,5,Scott Bowen,mooretiffany@example.com,Ryanport,2025-04-23
bd148b44-00f9-4418-95ab-26d7888fbae9,5,Lynn Reid,samuel77@example.org,Bowmanview,2023-12-26
2233b46f-da6e-4b6b-a4be-99b10d71247d,5,Cynthia Wilson,carrollkimberly@example.com,Garciaberg,2024-05-26
11ce2f58-abd8-44ff-9154-493a5a08b1c6,5,Erin Carpenter,debraandrews@example.com,West Johnfurt,2025-08-14
5b3f34db-9833-4598-978e-e03164fb2fa4,5,Vanessa Delgado,yrogers@example.org,West Ryanside,2024-06-19
04645c4a-bcac-4010-a202-829dcd0738d5,5,Mike Thompson,brian04@example.org,West Brenda,2024-11-04
e8d54fd2-edaf-45b4-9367-a8f7647cd624,5,Katherine Gomez,oliviamccarthy@example.com,North Sheila,2024-11-10
2e0cd7ff-dfbd-4931-b922-9c4a07600df9,5,Brian Wilson MD,garciaalexa@example.org,Carterview,2024-07-22
6aed73f2-0ea9-407e-99a6-39a8cd81d204,5,Joseph Hill,justingordon@example.org,Keithport,2025-07-29
0104231e-7f7a-4ec2-82f5-aecf9b0c0ba3,5,Lee Fletcher,adavis@example.net,Jonathanhaven,2025-08-05
cdda30e6-9688-4805-b433-ecc2db902666,5,Jonathon Moss,david59@example.com,West Johnmouth,2025-11-04
93a6426c-dc47-4508-91fe-fd713a6d1312,5,Michele Esparza,jwagner@example.org,North Zacharytown,2024-10-31
f215788f-9480-4f98-8312-a90fd1c53307,5,Rhonda Bowen,james27@example.com,West Amy,2025-05-25
b8e3d3e3-b318-4624-be4b-97f10e070cc8,5,Stephanie Barber,burtonkevin@example.net,West Michael,2024-08-11
366f69fb-a8fb-4ad5-a96b-2fa1d7a6f44d,5,Stephanie Walton,davidbooth@example.net,Lake Jose,2024-04-21
5c857851-73ca-4cdc-b1ed-4a0b8ff93c48,5,Sean Robertson,richard83@example.com,Patrickmouth,2024-10-17
fc3ebfcd-1373-4818-bebd-d7c6b62d7960,5,Dale Ramirez,marypruitt@example.com,Jessicatown,2024-06-17
8ed07477-fe06-4f9f-8fe1-2712646b85ad,5,Angela Hill,moniquethompson@example.net,Jackberg,2024-05-29
a4afd365-6ad8-4bbd-8d30-6990e0db5ea3,5,Jessica Berry,jimmy15@example.net,Lake Jason,2025-03-17
4adac8d3-b914-4725-b1ea-36630f7e07cd,5,Sarah Woods,williamstimothy@example.org,Port Barbara,2024-06-18
dcd4dbdf-1f20-4e3b-bde4-f2ea345f1503,5,Joshua Travis,tim03@example.org,North Mollybury,2024-11-02
a74a2cb6-18e2-47fa-89da-08936dfd77b2,5,Barbara Bryant,ericksonerin@example.com,Brendafort,2025-08-20
5b44284d-0dbf-497d-b5f8-90c94793d98e,5,Diana Watkins,joneschelsea@example.net,Wilsonton,2024-02-05
11068b02-89c5-4d73-b3e8-b4771ba76b84,5,Rachel Robinson,antonio16@example.com,Jamesberg,2025-07-27
8142d471-81ef-4365-af99-391ac9887019,5,Kimberly Bush,omurray@example.net,New Heather,2024-07-19
717940b4-9410-4d5b-baf1-40f3ed3ea8eb,5,Tammy Greene,thomas11@example.com,Normanbury,2024-03-19
71caf6ef-859b-4cec-b89b-5ec641e825c8,5,Bryan Castro,mary54@example.com,North Erin,2023-11-10
438411fc-04b1-4920-83b7-37233223da58,5,Matthew Fowler,coreydean@example.org,Port Josephland,2025-04-14
191d3587-433b-4752-a875-98bba3098c3e,5,Dana Reyes,elliottjohn@example.net,New Stacy,2025-10-20
954ae647-9ab8-4c23-8b25-ee042f664140,5,James Miller,ashleybaldwin@example.net,Lake Paulhaven,2025-08-06
2cc4a2c3-fb62-4f67-b8f5-3064c5d173df,5,Clinton Smith,glen46@example.com,Port Melissa,2025-06-17
fcd83688-ec90-4c93-a99a-081d3483eda8,5,Ryan Strickland,rebeccaward@example.com,Kellymouth,2025-09-16
3852a969-4008-45ec-92d6-037a4066c510,5,Dylan Richards,ryan04@example.net,Rickstad,2025-07-30
0dcc4f4d-27df-4154-971a-3eb0ca9e5c65,5,Julie Pineda,rowlanddeborah@example.net,New Christopher,2024-11-08
47899777-92a5-4ed8-bf45-5e455b14989a,5,Michael Nichols,jacquelinegreen@example.net,Obrienton,2024-10-05
7563a6ea-246f-4af1-b738-929d26337627,5,Joseph Smith,cesar10@example.net,East Tammychester,2024-08-20
0a5419c3-a899-42e8-bae8-da2761c8d10b,5,Donald Morgan,spencerolson@example.net,East Donald,2024-11-03
0cf54dcf-9073-45e3-b4cf-38923c6376bf,5,Alexis Lopez,johnspencer@example.org,Zacharytown,2024-01-17
cdef9a3e-7b02-486a-8d50-4cfec12bebff,5,Larry Hicks,mary19@example.com,Josephbury,2024-08-12
b0e4d752-0976-456c-bf90-51ea7e649fe0,5,Amanda Dunn,misty58@example.org,North Donnaland,2024-04-28
cb36e707-7f80-4265-9d5e-fc0585aff4f5,5,Derek Ramirez,kramerleonard@example.org,Jonesmouth,2025-10-20
18881fb1-40e8-45f3-a557-604476c5f895,5,Brianna Brooks,nwilliams@example.com,North Matthew,2025-07-17
0856fb3a-7620-49d1-af35-8b89a22bd89d,5,Nicole West,jrodriguez@example.com,Port Stevenmouth,2024-04-26
3bcf2b60-c181-4f2a-b040-9a5e4d37274d,5,John Barton,roy07@example.org,East Seanview,2024-04-15
d1c92706-e5e2-4967-a517-0e8fa1616fdc,5,Michael Gonzalez,klewis@example.org,North Matthewstad,2025-03-27
539e4389-d8b2-48e9-aa42-5a50bdebe8e3,5,Joshua Morris,amybrady@example.com,Lake Williamtown,2025-07-03
be15bc58-1b90-464a-b159-2cb4ad743146,5,Heather Price,nicolerobinson@example.com,North Scott,2023-12-13
0e1ddcb6-74da-433d-b975-d177aef9b0b6,5,Alyssa Zimmerman,kevinbrown@example.com,Colemanstad,2024-11-10
025beb52-4c48-464d-9c1e-c1221f8b32d9,5,Jeremiah Howard,conradmegan@example.com,Loweberg,2024-06-08
f521d1e9-a755-48db-8900-f1823838b1ee,5,Michael Henderson,williamgeorge@example.net,Williamsside,2024-04-08
c9c5e901-86f4-48ea-9a45-ce06a823a03f,5,Michael Carney,jeffrey53@example.org,Jonestown,2025-08-10
ae002a2d-b6b3-4fff-baa1-3918ed02e050,5,Dawn Nguyen,pbraun@example.com,West Jason,2024-07-16
c6c2609c-bdd8-457c-8698-0ec3d9b08376,5,Sheila Sharp,paulchristopher@example.org,Danielfurt,2025-02-07
51254d77-e723-47d1-9107-ff232ea810a0,5,Jay Peterson,uthomas@example.com,Port Shannon,2024-10-21
eb413a30-2545-454d-a6cc-18fec1b07fce,5,Thomas Johnson,zrogers@example.net,Port Karen,2025-01-27
d3935f8d-72c6-4912-8f70-63f9f2bf115a,5,Crystal Mills,amandaburgess@example.org,Lake Jennifermouth,2024-03-12
f8abe9e3-3112-4606-876d-a42d53ed513e,5,Kenneth Shaw,erica04@example.com,North Nicoleview,2024-02-02
b3d50a20-8b6a-4a55-a999-09a52c4a4942,5,Heather Gibson,yvonnecampbell@example.com,Stephanieland,2024-02-09
16bf7785-de4f-4144-a411-893460b108e5,5,Jared Frazier,kduncan@example.org,West Kayleebury,2024-12-30
c1528584-35b5-41ea-90ec-6f79fd0f3315,5,Timothy Warner,jensenjessica@example.net,Bakerview,2025-02-13
a6a49e92-1d52-447a-bce6-a1154469eb33,5,Abigail Wright,jennifer95@example.org,Lake Robin,2023-12-26
2660cdf6-749e-4c6f-b98f-e284ba424157,5,Jacob Lopez,reevescalvin@example.net,Nicholasstad,2023-11-17
31f9d1c1-e607-4b30-af96-73383e26cdf3,5,Monique Rodgers,patrick26@example.org,Port William,2024-04-28
d5013d34-1b54-4971-8898-a18d696a0364,5,Judy Mckinney,sanchezjeremy@example.com,Willisland,2024-11-24
9079cd93-2cb7-40f9-973a-e5e5ac5c31d3,5,Whitney Ortega,rachaelharrington@example.com,Greerview,2025-04-15
483a1226-d78b-4c69-99c2-ac6ee32cbe99,5,Bradley Jackson,qzimmerman@example.net,West Dawnborough,2025-02-22
b377651e-1c61-4b14-a4d2-aaece87c6604,5,Denise Richmond,lunastanley@example.com,West Paulland,2024-10-29
dd63de32-61cd-4135-abe3-3e21766533c5,5,Adrienne Ramirez,kelsey68@example.org,Walkerland,2025-03-16
0574a558-08a9-4403-8d2e-fee18c94e3f9,5,Bradley Collier,nicole29@example.net,South Ericborough,2025-04-16
ed85b9b3-5dc2-43e2-a768-231ac2ebbb69,5,Peter Phillips,colemclaughlin@example.net,New Jennifer,2024-04-16
9dbfac25-b69e-4e00-9221-ddb91ac2da7c,5,Mallory Howell,mary80@example.net,South Kimberlyton,2024-12-10
dae348b2-bdb6-4c51-a607-44d5d28c9649,5,Charles Sanchez,caroline14@example.com,Julieville,2025-01-30
7723b484-fd99-4b9b-9014-867664c68c80,5,Brian Quinn,johngeorge@example.org,East Robert,2024-08-03
f2c932e3-fa6d-4a9b-bc8d-5158a633e58e,5,Meredith Rodriguez,victoria55@example.net,Jasminefurt,2024-10-28
ed293ea3-4837-4b86-bec4-4ab41276928a,5,Andrew Wilson,julie21@example.org,Scottburgh,2025-09-02
0f2ca94d-4877-41a9-86e8-b8e3f10c2d4c,5,Julia Delgado,mdelacruz@example.org,West Heidi,2025-03-05
59921401-fcb7-4cd8-b9bf-a41733f4e939,5,Wendy Williams,jacob68@example.net,North Micheleville,2023-12-30
5164e8c3-e09f-438d-b8d7-ec7e1bd2e125,5,Gregory Stein,nwarren@example.com,Lake Williamton,2025-07-22
f688e7e1-c570-474a-84e1-00320c8fd4c8,5,Shawn Martinez,dylanmcpherson@example.net,New Tammy,2025-02-05
fc1cf658-5d94-4bdd-a8c1-fce07abbe1ba,5,Charlotte Villegas,johnsonlaura@example.net,South Kimberly,2025-08-30
0b1b88af-83cf-4fd9-b7ca-fb02e5682b58,5,Danny Davis,rogerspeter@example.com,New Stevenshire,2025-04-07
19c9e512-4196-4658-a107-f27c5dfbeb10,5,Timothy Reynolds,perryelizabeth@example.org,Fordberg,2024-03-05
6ef87385-34c1-4f5b-9abc-6ce88f9e4734,5,Anthony Williams MD,speterson@example.net,Matthewberg,2025-07-11
aee35ed8-8a6c-4bff-93a4-48acc5522966,5,Amy Butler,psmith@example.com,Haysborough,2024-04-09
e643fcb6-9bf1-4ebd-b102-4380522dc1c5,5,Charles Roth DDS,kylejenkins@example.org,Morganshire,2025-10-14
f983e297-902f-418e-9623-c66b1d9075c2,5,Aaron Salas,mperez@example.org,West Craig,2024-05-28
3089347a-6748-4e80-aec9-dba5d45acea3,5,Tammy Davis,richardtodd@example.net,Derrickland,2024-01-30
d4e58784-a6c3-4087-a6fb-14856667f89b,5,Richard Bishop,amy90@example.com,Williamland,2025-01-22
529e04b1-55bd-43a8-9227-fd2d4dffbb83,5,Rachael Hartman,gallaghermark@example.net,North Tammymouth,2024-07-16
0ae6a9dc-7180-405c-a5c0-d192daaac2b8,5,Shelby Mclaughlin,tanya96@example.com,New Marthaborough,2024-01-29
4f7086f8-88c2-4ee9-93dc-d8e25a54cdf6,5,Miss Cassidy Graham DVM,johnsonkelly@example.com,North Jenniferport,2025-05-10
70fd0dac-93b6-4d39-9eac-5813593165cf,5,Matthew Murphy,bankskyle@example.org,West Christopherburgh,2024-10-31
67c79857-364c-4c73-a22f-ce89e9972aa0,5,Mark Townsend,carterjessica@example.net,Santiagoville,2024-02-01
b3705996-3feb-4798-ace0-745f4f05be61,5,Olivia Mendoza,alexandra89@example.net,Whiteside,2025-01-27
09a8bee3-472f-41a8-a9f1-fd49bd1c3c88,5,Gabriel Cantrell,dreilly@example.org,Davisfurt,2024-07-25
fbd65aa3-2e55-40b8-85e6-7d4b17a3ac80,5,Mrs. Jane Carroll,eroberts@example.org,South Tommy,2025-06-13
2a849e10-04c5-44eb-b73a-f181caffe98f,5,Amber Martin,linda36@example.com,New Josephfurt,2024-07-01
452af7c8-3f87-4c3d-8b19-f8bd3ace2045,5,Samuel Porter,ecarroll@example.com,Bryanfort,2024-12-19
ab69873f-6b2f-482c-b6d3-25235b2d920d,5,Brenda Mitchell,carljones@example.org,North Jill,2024-01-17
2896a75a-dd02-4a60-a0f0-a739d3c11e4d,5,James Holland,oclark@example.com,New Joshua,2024-06-10
e23bbf0e-94ca-445b-867a-86363079cd3e,5,Robert Keith,mary79@example.org,West Gerald,2024-01-26
cfcc2bf1-d837-4499-acd2-450ea3fa124e,5,Tina Hill,mary20@example.org,Port Stephanie,2025-05-19
975da926-3a16-4fc0-9965-73bd11562cfe,5,Mrs. Katherine Mccann,nsmith@example.net,New Jocelynton,2025-08-14
193e36bc-b05c-452e-8a13-a69f44fcae81,5,Crystal Graham,qwilliams@example.org,Sloanland,2025-10-18
7acd8902-bb66-4ce0-bd0e-c1a85eeea8db,5,Mark Mullins,stokeschristopher@example.com,Port Sarah,2025-06-12
cd2c2822-624f-42ba-ae04-ed949a00acda,5,Christopher Fowler,portercolleen@example.net,Amybury,2024-05-10
04692fd2-0dd3-40eb-8b55-d5509c668fb8,5,Jacob Adams,matthew58@example.net,Lisaview,2024-05-30
018e961f-d96a-41e4-9e69-f5770ff03645,5,David Schroeder,tracey97@example.net,Latoyaberg,2025-04-24
75e8df39-b997-4fd1-aced-0a708ccb5424,5,Curtis Reilly,anna51@example.org,Carterside,2024-09-11
b3c73fd3-cf27-44d3-badd-9f21e2bc73b4,5,Joshua Montgomery,michael62@example.net,Natashastad,2024-07-22
e7c0cd0d-636d-45f5-9c78-089429db5007,5,Jessica Spencer,tamara10@example.org,West Brenda,2025-07-30
f0a5d6e3-f3d3-4584-bbf9-99d14325f4e2,5,Marcus Williams,potterwilliam@example.net,West Jaredhaven,2025-09-05
51c94be1-c741-4c7c-a420-3f24ea0204d2,5,Traci Hall,mcochran@example.org,East Charlesshire,2024-06-11
f4811768-4d05-4509-bfa0-55434728facd,5,Ryan Harris,cnguyen@example.org,Nelsonshire,2025-10-05
89481edb-f7e4-4ad0-ab6f-51299c831d37,5,Antonio Mosley,hunterapril@example.net,Lake Marioshire,2024-11-20
1e753f7e-89ec-4695-8479-89ee83e7e849,5,Kevin Scott,jamiewright@example.net,South Philip,2024-04-27
308103c6-8589-4f8b-82e0-5ef74b08cb3c,5,Amber Warren,jasongutierrez@example.net,Port Chelseashire,2025-03-30
92aa5026-d8f4-4b62-87df-af696c94a776,5,Clayton Hall,johnchavez@example.org,East Savannahton,2024-06-06
443e7427-49b1-4184-a335-017b9af30d80,5,Zachary Jenkins,rgrimes@example.net,Kimberlyland,2025-03-29
0af79909-64df-409a-b006-5587d1d7be57,5,George Bowman,proman@example.net,Rogerburgh,2024-05-25
4ff756c2-3fd6-4afe-8eb4-5ef4d9c72794,5,Cindy Salazar,paige54@example.com,Alexandraberg,2024-07-30
8a6d3dd0-5d33-465f-a6c8-922efb9f4493,5,Shawna Christensen,wilsonelizabeth@example.com,Mccannville,2025-03-29
4d7ec3e7-666b-468a-a04e-999827ec654a,5,Dawn Clements,susanmartin@example.com,South Ashley,2024-09-15
27f13c34-5493-440d-9f6b-1c73c250b5a8,5,Thomas Stewart,joshua31@example.com,North Sabrinamouth,2024-09-27
b52a4fbd-9047-4c80-8851-c4687fe2de31,5,Robert Bradford,jacobsonsusan@example.com,Washingtonside,2023-11-11
73c9483c-89e9-4b5f-bd14-a5df3ace3ba9,5,Nathan Harper,henrywayne@example.org,Anthonystad,2024-05-24
36de81fd-cfde-4be9-a8ed-4bb724c42e34,5,Allison Walker,jeffrey34@example.net,North Kyle,2025-01-27
1aa5b96c-a138-4cd1-a658-60bb2206d8b8,5,Caleb Scott,zachary02@example.com,Ellisstad,2025-02-09
c3dab30b-85aa-4dc6-8e57-c71e28022795,5,Hunter Roberts MD,matthewreyes@example.org,East Whitney,2025-04-17
f9ce4b90-16a4-4b28-8e34-f752462b98be,5,Tami Ho,vfoster@example.org,South Staceymouth,2025-05-31
5cfd86a8-31db-40aa-b439-9bf1a1fd8d99,5,Gabrielle Snyder,hmack@example.com,Smithburgh,2023-11-16
8ab19aa5-bf75-47d2-a2aa-ac0aaaa6fd35,5,Kevin Mcbride,lmiller@example.net,West Jasonborough,2023-12-24
715c1a93-de24-469f-af9b-5810c3e3cf8e,5,Edward Allen,mary21@example.com,Lake Michaelhaven,2024-05-20
1396c4e7-ca77-4c84-adcd-e1f8a7aab717,5,Alexandria Leon,jasonballard@example.org,Wyatttown,2024-08-09
44f5896c-025e-4a7e-934f-2470030e253b,5,Judith Gibson,mariabowman@example.org,Christopherfort,2024-05-05
62d0660a-d244-432c-82a6-ffe4361543f1,5,Travis Howell,james42@example.org,Lake Emilytown,2023-12-02
833f705f-a99e-46a6-83be-c7c27a4c3a95,5,Amber Jordan,michaelglover@example.com,Stephanieport,2025-10-21
8022ef3e-f3dd-4fa8-8146-4d1aefc00b5f,5,Matthew Crawford,ccarney@example.com,Port Nathan,2025-10-16
587b6f74-8027-4106-9db1-49b8608f81a9,5,Harry Ballard,tylerwebb@example.com,Gomezport,2025-01-25
6e13a810-c543-43eb-8fc2-6befe9f3f5ca,5,Teresa Hill,singhtyler@example.com,Hollyborough,2025-09-07
d9b2bec9-67e7-469b-a31c-50c3ef0782ac,5,James Ramirez,kaitlyn19@example.org,East Stephanie,2024-10-18
47792275-2cf0-4dcb-8fd1-fda8926a2484,5,Nancy Barrett,rodriguezjessica@example.org,Hesterborough,2024-12-13
226c4b08-7ab0-477f-a35d-d2365e579289,5,Phyllis Stevenson,solisrebekah@example.org,New Jacob,2024-11-16
eab1ecca-080e-43d3-a071-b91a779b753c,5,Brittney Lawrence,youngmary@example.org,West Jessica,2025-02-15
0a750ab6-0c06-4b08-87e8-a5f5b925a636,5,Jasmine Mueller,mileswayne@example.org,Port Travismouth,2025-07-08
2e19e134-b76c-4991-92ac-0166cc55abe7,5,Cameron Hall,hooperdavid@example.org,East Sabrinaton,2025-07-20
9e7d9acb-f229-4e00-bbdd-e44a47815c60,5,Kellie Harris,herreratanya@example.com,Sandersview,2024-03-23
2a6c024b-e3b1-4695-b8cb-df32e0f776ec,5,Brandon Dickson,clopez@example.org,Lisaborough,2025-01-12
6b98a786-e530-4672-8a64-7a1b72e0b7db,5,Julia Brown,vmitchell@example.com,Kendrahaven,2024-07-26
2b037411-5ae7-488f-b559-f0d65429c89d,5,Christina Ford,davidsonaustin@example.org,North Melaniehaven,2025-04-08
bccad84a-c2c2-4ccd-ab22-3e4f8d498d14,5,Mrs. Holly Brown,xblake@example.org,Danielton,2025-02-22
e9d39c5c-523e-4650-a98c-2ebd549f8562,5,Michael Moreno,joselawrence@example.com,Murphyburgh,2023-11-11
4ff2c656-a837-49f9-abd3-205cb3c422b2,5,Thomas Morales,mccormickcrystal@example.org,Malonestad,2023-12-02
9eb50a54-9dd6-40a9-91b6-a2751f566380,5,Lisa Shannon,amy20@example.net,Port Ginaberg,2024-04-17
32d0d734-42cd-43c0-8957-a654684b376a,5,Jim Jackson,shelley40@example.com,East Reneeberg,2025-01-07
481b8a79-7abb-45d5-bfbe-dd3d7cc6dcd4,5,Paul Duffy,youngsarah@example.org,East Georgefurt,2025-10-27
473b7612-47cd-4185-9181-d706b321bee4,5,Daniel Mitchell,mannscott@example.com,New Robertamouth,2024-05-21
fff7c118-e5ef-46a0-b239-a327ffdee9bf,5,Ann Martin,kinggabriela@example.org,Sarashire,2023-11-16
